{
  "version": 1,
  "author": "Hari Krishnan D",
  "editor": "wokwi",
  "parts": [
    {
      "type": "wokwi-esp32-devkit-v1",
      "id": "esp",
      "top": 0,
      "left": 0,
      "attrs": { "env": "micropython-20231005-v1.21.0" }
    },
    { "type": "wokwi-dht22", "id": "dht1", "top": -47.7, "left": 205.8, "attrs": {} },
    { "type": "wokwi-hc-sr04", "id": "ultrasonic1", "top": 1.5, "left": -196.1, "attrs": {} }
  ],
  "connections": [
    [ "esp:TX0", "$serialMonitor:RX", "", [] ],
    [ "esp:RX0", "$serialMonitor:TX", "", [] ],
    [ "ultrasonic1:VCC", "dht1:VCC", "red", [ "v67.2", "h355.2" ] ],
    [ "ultrasonic1:GND", "dht1:GND", "black", [ "v57.6", "h344.4" ] ],
    [ "ultrasonic1:TRIG", "esp:D13", "green", [ "v0" ] ],
    [ "ultrasonic1:ECHO", "esp:D12", "green", [ "v0" ] ],
    [ "esp:D15", "dht1:SDA", "green", [ "h129.1", "v-5.1" ] ]
  ],
  "dependencies": {}
}